{
  "last_updated_ist": "2026-02-13T08:55:50.066870+05:30",
  "petrol": [
    {
      "city": "New Delhi",
      "price": 94.77
    },
    {
      "city": "Chennai",
      "price": 101.06
    },
    {
      "city": "Gurgaon",
      "price": 95.26
    },
    {
      "city": "Noida",
      "price": 94.74
    },
    {
      "city": "Bangalore",
      "price": 102.92
    },
    {
      "city": "Bhubaneswar",
      "price": 101.03
    },
    {
      "city": "Chandigarh",
      "price": 94.3
    },
    {
      "city": "Hyderabad",
      "price": 107.46
    },
    {
      "city": "Jaipur",
      "price": 104.72
    },
    {
      "city": "Lucknow",
      "price": 94.69
    },
    {
      "city": "Patna",
      "price": 105.43
    },
    {
      "city": "Thiruvananthapuram",
      "price": 107.49
    },
    {
      "city": "Andaman & Nicobar",
      "price": 82.46
    },
    {
      "city": "Andhra Pradesh",
      "price": 109.63
    },
    {
      "city": "Arunachal Pradesh",
      "price": 90.67
    },
    {
      "city": "Assam",
      "price": 98.19
    },
    {
      "city": "Bihar",
      "price": 105.43
    },
    {
      "city": "Chhatisgarh",
      "price": 99.3
    },
    {
      "city": "Dadra and Nagar Haveli and Daman and Diu",
      "price": 92.44
    },
    {
      "city": "Delhi",
      "price": 94.77
    },
    {
      "city": "Goa",
      "price": 96.56
    },
    {
      "city": "Gujarat",
      "price": 94.6
    },
    {
      "city": "Haryana",
      "price": 95.95
    },
    {
      "city": "Himachal Pradesh",
      "price": 95.1
    },
    {
      "city": "Jammu & Kashmir",
      "price": 96.71
    },
    {
      "city": "Jharkhand",
      "price": 98.26
    },
    {
      "city": "Karnataka",
      "price": 102.92
    },
    {
      "city": "Kerala",
      "price": 107.49
    },
    {
      "city": "Ladakh",
      "price": 103.89
    },
    {
      "city": "Lakshadweep",
      "price": 100.75
    },
    {
      "city": "Madhya Pradesh",
      "price": 106.4
    },
    {
      "city": "Manipur",
      "price": 99.21
    },
    {
      "city": "Meghalaya",
      "price": 95.73
    },
    {
      "city": "Mizoram",
      "price": 99.06
    },
    {
      "city": "Odisha",
      "price": 101.03
    },
    {
      "city": "Pondicherry",
      "price": 96.26
    },
    {
      "city": "Punjab",
      "price": 98.37
    },
    {
      "city": "Rajasthan",
      "price": 104.72
    },
    {
      "city": "Sikkim",
      "price": 103.35
    },
    {
      "city": "Tamil Nadu",
      "price": 101.06
    },
    {
      "city": "Telangana",
      "price": 107.46
    },
    {
      "city": "Tripura",
      "price": 97.81
    },
    {
      "city": "Uttar Pradesh",
      "price": 94.69
    },
    {
      "city": "Uttarakhand",
      "price": 93.35
    }
  ],
  "diesel": [
    {
      "city": "New Delhi",
      "price": 87.67
    },
    {
      "city": "Chennai",
      "price": 92.61
    },
    {
      "city": "Gurgaon",
      "price": 87.73
    },
    {
      "city": "Noida",
      "price": 87.81
    },
    {
      "city": "Bangalore",
      "price": 90.99
    },
    {
      "city": "Bhubaneswar",
      "price": 92.6
    },
    {
      "city": "Chandigarh",
      "price": 82.45
    },
    {
      "city": "Hyderabad",
      "price": 95.7
    },
    {
      "city": "Jaipur",
      "price": 90.21
    },
    {
      "city": "Lucknow",
      "price": 87.81
    },
    {
      "city": "Patna",
      "price": 91.67
    },
    {
      "city": "Thiruvananthapuram",
      "price": 96.48
    },
    {
      "city": "Andaman & Nicobar",
      "price": 78.05
    },
    {
      "city": "Andhra Pradesh",
      "price": 97.47
    },
    {
      "city": "Arunachal Pradesh",
      "price": 80.21
    },
    {
      "city": "Assam",
      "price": 89.42
    },
    {
      "city": "Bihar",
      "price": 91.67
    },
    {
      "city": "Chhatisgarh",
      "price": 93.26
    },
    {
      "city": "Dadra and Nagar Haveli and Daman and Diu",
      "price": 87.94
    },
    {
      "city": "Delhi",
      "price": 87.67
    },
    {
      "city": "Goa",
      "price": 88.33
    },
    {
      "city": "Gujarat",
      "price": 90.27
    },
    {
      "city": "Haryana",
      "price": 88.4
    },
    {
      "city": "Himachal Pradesh",
      "price": 87.06
    },
    {
      "city": "Jammu & Kashmir",
      "price": 83.53
    },
    {
      "city": "Jharkhand",
      "price": 93.02
    },
    {
      "city": "Karnataka",
      "price": 90.99
    },
    {
      "city": "Kerala",
      "price": 96.48
    },
    {
      "city": "Ladakh",
      "price": 88.86
    },
    {
      "city": "Lakshadweep",
      "price": 95.71
    },
    {
      "city": "Madhya Pradesh",
      "price": 91.79
    },
    {
      "city": "Manipur",
      "price": 85.26
    },
    {
      "city": "Meghalaya",
      "price": 87.08
    },
    {
      "city": "Mizoram",
      "price": 87.92
    },
    {
      "city": "Odisha",
      "price": 92.6
    },
    {
      "city": "Pondicherry",
      "price": 86.47
    },
    {
      "city": "Punjab",
      "price": 88.18
    },
    {
      "city": "Rajasthan",
      "price": 90.21
    },
    {
      "city": "Sikkim",
      "price": 90.45
    },
    {
      "city": "Tamil Nadu",
      "price": 92.61
    },
    {
      "city": "Telangana",
      "price": 95.7
    },
    {
      "city": "Tripura",
      "price": 86.81
    },
    {
      "city": "Uttar Pradesh",
      "price": 87.81
    },
    {
      "city": "Uttarakhand",
      "price": 88.24
    }
  ]
}